id	Fu	Ag	Ex	Re	Vi
0	2.232888509690683	14.318021119172805	13.44403175778557	12.018078242699934	5.09989740867537
1	6.222216242390499	6.541324168418127	12.31869383349377	7.171230587646848	9.506924539924945
2	0.6500572710004899	4.208819942624888	12.587466322605168	7.682018740959243	12.808200617545838
3	14.583159774325864	2.6776767586056183	0.9543069751658233	9.687950312070507	12.952124279328075
